{
  "view/Object.view.xml": 1618546291245,
  "controller/Create.controller.js": 1618546314234,
  "model/models.js": 1618546014771,
  "model/formatter.js": 1618546340722,
  "controller/Worklist.controller.js": 1618546314250,
  "controller/Object.controller.js": 1618546314250,
  "controller/NotFound.controller.js": 1618546314242,
  "controller/ErrorHandler.js": 1618546314234,
  "manifest.json": 1618547510861,
  "controller/BaseController.js": 1618546314226,
  "controller/App.controller.js": 1618546314222,
  "Component.js": 1618546014767,
  "manifest-bundle.zip": 1618547510368,
  "Component-preload.js": 1618547510768,
  "controller/Object-dbg.controller.js": 1618546314250,
  "model/formatter-dbg.js": 1618546340722,
  "controller/Worklist-dbg.controller.js": 1618546314250,
  "model/models-dbg.js": 1618546014771,
  "controller/NotFound-dbg.controller.js": 1618546314242,
  "controller/ErrorHandler-dbg.js": 1618546314234,
  "controller/Create-dbg.controller.js": 1618546314234,
  "controller/BaseController-dbg.js": 1618546314226,
  "controller/App-dbg.controller.js": 1618546314222,
  "Component-dbg.js": 1618546014767,
  "resources.json": 1618547510864,
  "view/Worklist.view.xml": 1618546291257,
  "view/ReviewPage.fragment.xml": 1618546291253,
  "view/ObjectNotFound.view.xml": 1618546291249,
  "i18n/i18n.properties": 1618546326618,
  "view/NotFound.view.xml": 1618546291241,
  "view/Create.view.xml": 1618546291237,
  "view/App.view.xml": 1618546291233,
  "test.html": 1618546014771
}